{"client_meta":{"background_color":{"r":0.9607843160629272,"g":0.9607843160629272,"b":0.9607843160629272,"a":1},"thumbnail_size":{"width":400,"height":261},"render_coordinates":{"x":-3940,"y":0,"width":6850,"height":4476}},"file_name":"FIGMA","developer_related_links":[],"exported_at":"2026-05-11T12:41:07.735Z"}